City,Location,Building,Floor,Room,Department
Chemainus,VIHA-CHCC-Chemainus Health Care Centre-Main Building-1st Floor,Main Building,1,Bone Marrow Density (Procedure Room),2 Central
Duncan,VIHA-CHCC-Chemainus Health Care Centre-Main Building-Basement 1,Trailer,G,Harbourside (Nurse Station),2 South
Ladysmith,VIHA-CDH-Cowichan District Hospital-Main Building-1st Floor,D Wing,2,Laboratory (Core Lab),Acute Care
Lake Cowichan,VIHA-CDH-Cowichan District Hospital-Main Building-2nd Floor,Hospice,3,Laboratory (Reception),Admin
Mill Bay,VIHA-CDH-Cowichan District Hospital-Main Building-3rd Floor,Long Term Care,4,M02 (Harbourside Unit Clerk's Office),Admin Assistant Cowichan Valley
Salt Spring Island,VIHA-CDH-Cowichan District Hospital-Main Building-4th Floor,Cornation Street Building,0,M03 (Harbourside Conference Room),Admin Support
Alert Bay,VIHA-CDH-Cowichan District Hospital-Main Building-Basement 1,Annex Building,,M04 (Social Work Office),Admin Supp-Prevention Svc
Bamfield,VIHA-CLRC-Cowichan Lodge-Main Building-1st Floor,Lancer Building,,M16 (Manager),Admin Team Lead
Brentwood Bay,VIHA-CPRC-Cairnsmore Place (CDH)-Main Building-1st Floor,,,M16a (CNL Office),Administration
Campbell River,VIHA-CPRF-Caulfield Place Residential Facility-Main Building-1st Floor,,,M17 (Swing Office),Admitting
Comox,VIHA-CQSS-Cowichan Quw'utsun Secondary School-Main Building-1st Floor,,,M18 (Education Room),Adult Day Program
Courtenay,VIHA-CUPCC-Cowichan Urgent Primary Care Centre,,,M27 (Activities Office),Adult Rehab Open Door
Cumberland,VIHA-CUPCC-Cowichan Urgent Primary Care Centre-Main Building-1st Floor,,,Ocean Point (Nurse Station),Ambulatory Care Unit (ACU)
Denman Island,VIHA-CUPCC-Cowichan Urgent Primary Care Centre-Main Building-2nd Floor,,,Physiotherapy (Office),Anesthetic Clinic
Gabriola Island,VIHA-DCDF-Duncan Community Dialysis Facility-Main Building-1st Floor,,,Physiotherapy (Treatment Room),Assisted Living Admin
Galiano Island,VIHA-DGSHC-Duncan Government Street Health Centre-Main Building-1st Floor,,,Processing Room (Bone Marrow Density),Biomed
Gold River,VIHA-DJS-Duncan Jubilee Street-Main Building-1st Floor,,,Reception (Main Office),Biomedical Engineering
Hornby Island,VIHA-DMHC-Duncan Mental Health Centre-Main Building-1st Floor,,,Urgent Care (Dictation Room),Campbell River ACT
Kamloops,VIHA-DNDR-Duncan Norcross & Drinkwater Road-Main Building-1st Floor,,,Urgent Care (Hallway),Cancer Care
Kyuquot,VIHA-DNDR-Duncan Norcross & Drinkwater Road-Main Building-2nd Floor,,,Urgent Care (Physician Desk),Capital Projects
Mansons Landing,VIHA-DSS-Duncan Station Street-Main Building-2nd Floor,,,Urgent Care (Physician Desk)(724),Case Management
Mayne Island,VIHA-DWH-Duncan Waldon House-Main Building-1st Floor,,,Urgent Care (Physician Filing Room),Case Managers Ladysmith
Nanaimo,VIHA-DWRC-Duncan Wellness and Recovery Centre-Main Building-1st Floor,,,Urgent Care (Reception Desk),CDH 2nd Floor Central
North Pender Island,VIHA-FHMH-Floral House Mental Health-Main Building-1st Floor,,,X-Ray (Nurse Station),CDH 2nd Floor East
Parksville,VIHA-MMHU-Margaret Moss Building-Main Building-1st Floor,,,X-Ray (Procedure Room),CDH 2nd Floor South
Port Alberni,VIHA-MMHU-Margaret Moss Building-Main Building-Basement 1,,,L146 (Food Service Supervisor),CDH 2nd Floor West
Port Alice,VIHA-WHMH-Wisteria House Mental Health-Main Building-1st Floor,,,L132 (Maintenance),CDH 3rd Floor East
Port Hardy,VIHA-LCHC-Ladysmith Community Health Centre-Main Building-1st Floor,,,L133 (Housekeeping Office),CDH 3rd Floor South
Port McNeill,VIHA-LCHC-Ladysmith Community Health Centre-Main Building-Basement 1,,,L137 (Adult Day Program Office),CDH 3rd Floor West
Qualicum Beach,VIHA-LCHU-Lake Cowichan Health Unit-Main Building-1st Floor,,,L140 (Boardroom),CDH Implementation Admin
Quathiaski Cove,VIHA-MBRC-Mill Bay Radiology Centre-Main Building-1st Floor,,,101 (Anesthesia Clinic through Rm 103),CDH Perioperative.
Saanichton,VIHA-LMH-Lady Minto Hospital-Lionel Beach Annex-1st Floor,,,1014 (Echo Lab),CDH RP
Sidney,VIHA-LMH-Lady Minto Hospital-Lionel Beach Annex-2nd Floor,,,1017 (OR Purchasing Office),CDH/Quality Medical Imaging
Sointula,VIHA-LMH-Lady Minto Hospital-Main Building-1st Floor,,,1018 (Back Area),CDHRP
Sooke,VIHA-LMH-Lady Minto Hospital-Main Building-Basement 1,,,1018 (Health Records),CDHRP (Replacement Project)
Tahsis,VIHA-SSCHC-Salt Spring Island Creek House-Main Building-1st Floor,,,1020 (Health Records),Charting
Tofino,VIHA-SSMHSU-Salt Spring Mental Health Substance Use Services-Main Building-1st Floor,,,1021 (Dictation Room),CHCP - Cowichan Health & Care Plan
Ucluelet,VIHA-Alert Bay,,,1022 (Booking Office),CHCP Hospital at Home
Victoria,VIHA-CICHC-Cormorant Island Community Health Centre-Main Building-1st Floor,,,1023A (Radiology),Child Youth & Family Services
Woss,VIHA-BAM-Bamfield Health Centre-Main Building-1st Floor,,,1023B (Radiology),CHS
Zeballos,VIHA-BMR-Brentwood Marchant Road-Sluggett House-1st Floor,,,1025 (Boardroom) Brenda Stager,CHS - Community Health Services
,VIHA-BSCR-Brentwood Stelly's Cross Road,,,1025 (EDU Floater),CHS - Community Health Services (Steps)
,VIHA-Campbell River,,,1025 (Surgical Services),CHS (Reception)
,VIHA-CRDS-Campbell River Dogwood Street,,,1026 (OR Booking),CHS Clinic
,VIHA-CRDS-Campbell River Dogwood Street-Main Building-1st Floor,,,1034 (Switchboard),CHS Nursing SSI
,VIHA-CRED-Campbell River Eagle Drive-Main Building-2nd Floor,,,1038 (Staff Room),CHS Respiratory Therapist
,VIHA-CRG-Campbell River General Hospital,,,1039 (Reception),Clinical Day Care
,VIHA-CRG-Campbell River General Hospital-Corporate-Whitehouse,,,1039 (Rehab Area),Clinical Education
,VIHA-CRG-Campbell River General Hospital-Corporate-Whitehouse-1st Floor,,,1039 (Side Office - Mobile),Clinical Governance Admin
,VIHA-CRG-Campbell River General Hospital-Corporate-Whitehouse-2nd Floor,,,1045 (Accessions),Clinical Imp & Informatics
,VIHA-CRG-Campbell River General Hospital-Main Building,,,1045 (Back Office),Clinical Informatics
,VIHA-CRG-Campbell River General Hospital-Main Building-1st Floor,,,1045 (Blood Bank),Clinical Nurse Educator
,VIHA-CRG-Campbell River General Hospital-Main Building-2nd Floor,,,1045 (Core Care),Clinical Practice Educator Wound
,VIHA-CRG-Campbell River General Hospital-Main Building-3rd Floor,,,1045 (Hallway),Clinical Service Delivery - Executive Director
,VIHA-CRG-Campbell River General Hospital-Main Building-4th Floor,,,1045 (Hallway)(Collection Cart #1),CLKS LearningDesign&Tech
,VIHA-CRG-Campbell River General Hospital-Main Building-Basement 1,,,1045 (Hallway)(Collection Cart #2),Community Health Services
,VIHA-CRHCC-Campbell River Home & Community Care,,,1045 (Hallway)(Collection Cart #3),Community Health Services (Advanced Lower Limb Assessment)
,VIHA-CRHCC-Campbell River Home & Community Care-Main Building-1st Floor,,,1045 (Hallway)(Collection Cart #4),Community Home Support
,VIHA-CRHCC-Campbell River Home & Community Care-Main Building-2nd Floor,,,1045 (Hallway)(Collection Cart #5),Community Home Support - Timekeeping
,VIHA-CRIP-Campbell River Ironwood Place-Main Building-1st Floor,,,1045 (Hallway)(Collection Cart #6),Consultant Volunteer Engagement
,VIHA-CRMC-Campbell River Marwalk Crescent-Main Building,,,1045 (Hallway)(Collection Cart #7),COV IHealth Project Staff
,VIHA-CRMC-Campbell River Marwalk Crescent-Main Building-1st Floor,,,1045 (Lab Core),COVID PopHlth Asse Su&Epid
,VIHA-CRMHAS-Campbell River Mental Health & Addiction Services,,,1045 (Outside Core Care),COVID Saanich Gulf Islds Admin
,VIHA-CRMHAS-Campbell River Mental Health & Addiction Services-Main Building-2nd Floor,,,1046 (Reception),Cowich Vall MHSU Adm Supp
,VIHA-CRPH-Campbell River Public Health-Main Building,,,1050 (Chief Technologist),Cowichan Assist Living LPN
,VIHA-CRPH-Campbell River Public Health-Main Building-2nd Floor,,,1052 (MDRD Decontamination),Cowichan District Hospital.
,VIHA-CRSR_1307-Campbell River Shoppers Row (Unit 1307)-Main Building,,,1058 (Doctor's Lounge),Cowichan Health & Care
,VIHA-CRSR_1307-Campbell River Shoppers Row (Unit 1307)-Main Building-1st Floor,,,1060 (Doctor's On-Call Room),Cowichan Health & Care Plan
,VIHA-CRTA-Campbell River Twelve Avenue-Main Building-1st Floor,,,1066B (CT supervisors Office),Cowichan Hlth & Care Plan
,VIHA-NIMC-North Island Medical Clinic-Main Building -1st Floor,,,1067 (Cubby),Cowichan Home Support
,VIHA-YLRS-Yucalta Lodge-Main Building-1st Floor,,,1068 (PACU),Cowichan HS Overnight Team
,VIHA-SJC-St. Joseph's Campus-Main Building-1st Floor,,,1069 (Ophthalmology OR),Cowichan Lodge Adult TMH
,VIHA-SJC-St. Joseph's Campus-Main Building-2nd Floor,,,1078 (Clean Utility Room),Cowichan Lodge Seniors TMH
,VIHA-SJC-St. Joseph's Campus-Main Building-3rd Floor,,,1080 (Cataract Clinic),Cowichan Valley Adm
,VIHA-AMHO-Auxiliary Mental Health Office,,,1081 (Radiologist),Cowichan Valley Admin
,VIHA-AMHO-Auxiliary Mental Health Office-Main Building,,,1083 (CT Tech Station),Cowichan Valley Home Support
,VIHA-AMHO-Auxiliary Mental Health Office-Main Building-1st Floor,,,1083 (Outside CT Tech Station),Cowichan Valley HS Admin
,VIHA-CCA_92-Courtenay Cliffe Avenue (#92)-Main Building-1st Floor,,,1088 (Mammography Office),Cowichan Valley HS Nursing
,VIHA-CCA-Courtenay Cliffe Avenue,,,1091 (Reception),Cowichan Valley MHSU
,VIHA-CCA-Courtenay Cliffe Avenue-Main Building-1st Floor,,,1092 (Medical Imaging Booking),Cowichan Valley MHSU Community
,VIHA-CCRHC-Courtenay Cumberland Road Health Unit-Main Building-1st Floor,,,1093 (Breast Imaging Room),Cowichan Valley PCN
,VIHA-CDLS-Courtenay Downtown Lab Services-Main Building-1st Floor,,,1095 (X-Ray Tech Room 1),CRM ASTAT
,VIHA-CHU-Coastal Health Unit-Main Building-1st Floor,,,1096 (X-Ray Office),CRT
,VIHA-CHU-Coastal Health Unit-Main Building-2nd Floor,,,1098 (X-Ray Tech Room 3),CSC HSCL Duncan
,VIHA-CIHN-Courtenay Integrated Health Networks,,,1099 (X-Ray Tech Room 2),CVH Inpatients - 3C & 3D
,VIHA-CIHN-Courtenay Integrated Health Networks-Main Building-3rd Floor,,,1102 (Pre-Admissions),CYF CI Cowichan
,VIHA-CVCHC-Comox Valley Community Health Centre-Main Building-1st Floor,,,1103 (Hallway),Device Acquisition
,VIHA-CVHCC-Comox Valley Home & Community Care-Main Building,,,1104 (Inside Ortho),Diabetes & Geriatrics Clinic
,VIHA-CVHCC-Comox Valley Home & Community Care-Main Building-1st Floor,,,1104 (Ultrasound Hallway),Diabetes & Nutrition Services
,VIHA-CVH-Comox Valley Hospital,,,1105 (Ultrasound Room 1),Dialysis
,VIHA-CVH-Comox Valley Hospital-Main Building,,,1107 (Manager Office),Dietary
,VIHA-CVH-Comox Valley Hospital-Main Building-0th Floor,,,1109 (Reception),DOT Nurse
,VIHA-CVH-Comox Valley Hospital-Main Building-1st Floor,,,1109 (Ultrasound Tech Room 3/4),Duncan Community Hlth Services
,VIHA-CVH-Comox Valley Hospital-Main Building-2nd Floor,,,1110 (Office),ECG
,VIHA-CVH-Comox Valley Hospital-Main Building-3rd Floor,,,1111 (Ultrasound Office),Echocardiography
,VIHA-CVH-Comox Valley Hospital-Main Building-4th Floor,,,1113 (CRT Room),Education and Practice Support
,VIHA-CVMHAS-Comox Valley Mental Health & Addiction Services-Main Building-1st Floor,,,1117 (Trauma Room),Emergency
,VIHA-CVNC-Comox Valley Nursing Centre,,,1118A (Tyler Smith),End of Life
,VIHA-CVNC-Comox Valley Nursing Centre-Main Building-1st Floor,,,1118B (Education Room),Environmental Public Health
,VIHA-CVSVCLAL-Comox Valley Seniors Village & Casa Loma Assisted Living-Main Building-1st Floor,,,1127 (ECG),Environmental Public Health Admin
,"VIHA-NICYF-North Island Child, Youth & Family",,,1128 (Fast Track Room),EWS Home Care
,"VIHA-NICYF-North Island Child, Youth & Family-Main Building",,,1128 (Hallway),Extended Care
,"VIHA-NICYF-North Island Child, Youth & Family-Main Building-1st Floor",,,1128 (Med Room),Extended Care - Long Term Care
,VIHA-RHARF-Ryan Hill Apartments Residential Facility-Main Building,,,1128 (Nurse Station),Facility Management and Operations (FMO)
,VIHA-RHARF-Ryan Hill Apartments Residential Facility-Main Building-1st Floor,,,1128 (Outside Trauma - Lab Machine),Family Practice Clinic
,VIHA-CCDF-Cumberland Community Dialysis Facility-Main Building-1st Floor,,,1128 (Physicians Station - Back Wall),Finance
,VIHA-CHC-Cumberland Health Centre,,,1128 (Physicians Station - Standing),"Finance, Budget Process & Financial Planning"
,VIHA-CHC-Cumberland Health Centre-Main Building,,,1128 (Physicians Station),Fire & Safety
,VIHA-CHC-Cumberland Health Centre-Main Building-1st Floor,,,1130 (Outside Triage),FMO
,VIHA-CHC-Cumberland Health Centre-Main Building-Basement 1,,,1130 (Triage),FMO - Office
,VIHA-CRL-Cumberland Regional Hospital Laundry Society-Main Building-1st Floor,,,1134 (ACU Back Hallway),FMO - Workshop
,VIHA-DIHU-Denman Island Health Unit-Main Building-1st Floor,,,1134 (ACU Hallway),FMO (Leased Facility Maintenance)
,VIHA-CDH-Cowichan District Hospital,,,1134 (Nurse Station),FMO Admin Support CI/NI
,VIHA-CLRC-Cowichan Lodge,,,1137 (Procedure Room 1),Food Services
,VIHA-CPRC-Cairnsmore Place (CDH),,,1140 (Endoscopic Suite),FS Cowichan Valley
,VIHA-CQSS-Cowichan Quw'utsun Secondary School,,,1143NW (Mammo Exam Room),General Housing SI
,VIHA-WRMH-Wicks Road Mental Health-Main Building-1st Floor,,,1145 (Waiting Room Office),Geriatric Specialty Services
,VIHA-WRMH-Wicks Road Mental Health-Main Building-2nd Floor,,,1N (Main Nurse Desk),Geriatrics Specialty Services
,VIHA-GIHC-Gabriola Island Health Centre,,,1N (Main Nurse Desk)(7/24),HC Admin Duncan
,VIHA-GIHC-Gabriola Island Health Centre-Main Building-1st Floor,,,1N (OR1),HC Admin Practice & Educ
,VIHA-GIHU-Galiano Island Health Unit,,,1N (OR1)(CADI),HCN - Home Care Nursing
,VIHA-GIHU-Galiano Island Health Unit-Main Building,,,1N (OR2),Health & Care Plan
,VIHA-GIHU-Galiano Island Health Unit-Main Building-1st Floor,,,1N (OR4),Health Records
,VIHA-GRHC-Gold River Health Centre-Main Building,,,3N (Nurse Station),Health Wellness & Safety
,VIHA-GRHC-Gold River Health Centre-Main Building-1st Floor,,,Home Office (VPN),Heart Function
,VIHA-HDHS-Hornby/ Denman Home Support-Main Building-1st Floor,,,IMP48 (On-Call Room),Home & Community Care
,VIHA-HIHC-Hornby Island Health Centre-Main Building-1st Floor,,,IMP55 (Library),Home Care Nursing (AL LPN 2)
,VIHA-KDC-Kamloops Data Centre,,,IMP59 (Admin Office),Home Care Nursing (East HCN 1)
,VIHA-KYU-Kyuquot Outpost Hospital,,,IMP59 (UVIC - Office),Home Care Nursing (Float 1)
,VIHA-KYU-Kyuquot Outpost Hospital-Main Building-1st Floor,,,2011 (2-South),Home Care Nursing (HCN Float 3)
,VIHA-LCHC-Ladysmith Community Health Centre,,,2031 (Back Room TV),Home Care Nursing (HCN Palliative 3)
,VIHA-CIHU-Cortes Island Health Unit-Main Building-1st Floor,,,2031 (Nurse Station - Back Office TV),Home Care Nursing (Palliative HCN 2)
,VIHA-MIHU-Mayne Island Health Unit-Main Building-1st Floor,,,2031 (Nurse Station - Back Office),Home Care Nursing (South HCN 1)
,VIHA-BCN-Bowen Center Nanaimo,,,2032 (Nurse Station - Bat Cave),Home Care Nursing (South HCN 2)
,VIHA-BCN-Bowen Center Nanaimo-Main Building,,,2035 (ICU Patient Lounge),Home Care Nursing (West HCN 1)
,VIHA-BCN-Bowen Center Nanaimo-Main Building-1st Floor,,,2043 (2nd Floor Day Room),Home Care Nursing (West HCN 2)
,VIHA-BCSWC-Barsby Community School Wellness Centre-Main Building-1st Floor,,,2043 (2nd Floor Day Room)(Spare),Home Care Nursing Ladysmith
,VIHA-BLMHAS-Brooks Landing Mental Health & Addictions Services,,,2044 (Tub Room),Home Care Services
,VIHA-BLMHAS-Brooks Landing Mental Health & Addictions Services-Main Building,,,2055A (Maternity Clinic),Home Support Schedule
,VIHA-BLMHAS-Brooks Landing Mental Health & Addictions Services-Main Building-1st Floor,,,2055B (Maternity Clinic),Home Support Scheduling
,VIHA-CDC-Clearview Detox Centre,,,2055C (Maternity Clinic),Hospice
,VIHA-CDC-Clearview Detox Centre-Main Building-1st Floor,,,2062 (Assessment Room #2),Hospice - End of Life
,VIHA-CDT-Communicable Disease & Travel,,,2064 (Back Office),Hospital At Home
,VIHA-CDT-Communicable Disease & Travel-Main Building-1st Floor,,,2065 (Nursery - Fetalink on wall),Housekeeping
,VIHA-CISC-Centre Island Surgical Centre,,,2065 (Nursery - Monitoring Board On Wall),Housekeeping Admin
,VIHA-CISC-Centre Island Surgical Centre-Main Building,,,2065 (Nursery),HS Overnight Team
,VIHA-CISC-Centre Island Surgical Centre-Main Building-Basement 1,,,2066 (Assessment Room #1),Human Resource Corporate Admin
,VIHA-CNUPCC-Central Nanaimo Urgent Primary Care Centre,,,2067 (Birthing Room #1),Human Resources
,VIHA-CNUPCC-Central Nanaimo Urgent Primary Care Centre-Main Building,,,2067 (Birthing Room #2),Human Resources - South Team 3
,VIHA-CNUPCC-Central Nanaimo Urgent Primary Care Centre-Main Building-1st Floor,,,2067 (Birthing Room 3 - PARR),Implement - Project Management CDHRP
,VIHA-DPRC-Dufferin Place (NRGH),,,2083 (Nikki Kokkinis),Implement-Clinical
,VIHA-DPRC-Dufferin Place (NRGH)-Main Building,,,2084 (Christine S),Indigenous Leader & Social Work
,VIHA-DPRC-Dufferin Place (NRGH)-Main Building-1st Floor,,,2084 (Roshni),Infection Prevention & Control
,VIHA-DPRC-Dufferin Place (NRGH)-Main Building-Basement 1,,,2880 (Central Nurse Station Office),Innovation
,VIHA-MAUPCC-Medical Arts Urgent Primary Care Centre,,,2C (Hallway),"Innovation, Analytics & Information"
,VIHA-MAUPCC-Medical Arts Urgent Primary Care Centre-Main Building-1st Floor,,,2N (Hallway),Intensive Care Unit (ICU)
,VIHA-MDO-Metral Drive Offices,,,2N (LDR Med Room Area),Interim Area Director
,VIHA-MDO-Metral Drive Offices-Main Building,,,2N (Maternity OR),Lab - Point of Care
,VIHA-MDO-Metral Drive Offices-Main Building-3rd Floor,,,2N (Nurse Station - Fetalink),Lab Core
,VIHA-NAN-Nanaimo Data Centre,,,2N (Nurse Station),Lab Pre-Analytics
,VIHA-NBCBC-Nanaimo Boundary Crescent Beaufort Centre-Main Building,,,2N (Nurse Station)(7/24),Laboratory
,VIHA-NBCBC-Nanaimo Boundary Crescent Beaufort Centre-Main Building-1st Floor,,,2S (Hallway East),Ladysmith Family Practice
,VIHA-NBC-Nanaimo Bowen Centre,,,2S (Hallway West),Laundry Services
,VIHA-NBC-Nanaimo Bowen Centre-Main Building-1st Floor,,,2S (Hallway),Logistics/Fire Prevention
,VIHA-NBRMC-Nanaimo Bowen Road Madrona Clinic,,,2S (ICU Nurse Station),Long Term Care
,VIHA-NBRMC-Nanaimo Bowen Road Madrona Clinic-Main Building-1st Floor,,,2S (Nurse Station - Front),Maternity
,VIHA-NCDF-Nanaimo Community Dialysis Facility,,,2S (Nurse Station - Round Table),Maternity Clinic
,VIHA-NCDF-Nanaimo Community Dialysis Facility-Main Building-1st Floor,,,2S (Nurse Station),MCS LHS Facilitator
,VIHA-NCMC-Nanaimo Colville Medical Center-Main Building,,,3 Southeast hallway,MDRD
,VIHA-NCMC-Nanaimo Colville Medical Center-Main Building-3rd Floor,,,3S (Hallway East),Med Staff Cred and Priv
,VIHA-NCST-Nanaimo Chapel Street,,,3011 (Liaisons Office),Medical
,VIHA-NCST-Nanaimo Chapel Street-Main Building-Main Building-1st Floor,,,3031 (Nurse Station - Back Office TV),Medical / Surgical Care
,VIHA-NDBC-Nanaimo Dufferin Boundary Crescents,,,3031 (Nurse Station - Back Office),Medical Booking
,VIHA-NDBC-Nanaimo Dufferin Boundary Crescents-Main Building,,,3032 (Nurse Station - Bat Cave),Medical Device Reprocessing Department (MDRD)
,VIHA-NDBC-Nanaimo Dufferin Boundary Crescents-Main Building-1st Floor,,,3033 (Clinical Coordinator Office),Medical Health Officer
,VIHA-NDC-Nanaimo Dufferin Centre-Main Building,,,3036 (Floor 3 Dayroom - in storage),Medical Imaging
,VIHA-NDC-Nanaimo Dufferin Centre-Main Building-1st Floor,,,3036 (Floor 3 Dayroom),Medical Imaging Systems
,VIHA-NDHF-Nanaimo & District Hospital Foundation-Main Building,,,3037 (Tub Room),Medical Records
,VIHA-NDHF-Nanaimo & District Hospital Foundation-Main Building-1st Floor,,,3057 (Unit Clerk),Medicine
,VIHA-NER-Nanaimo Estevan Road,,,3059 (Med/Report Room),Mental Health
,VIHA-NER-Nanaimo Estevan Road-Main Building,,,3060 (CSO Office),Mental Health & Substance Abuse
,VIHA-NER-Nanaimo Estevan Road-Main Building-1st Floor,,,3060 (CSO Office)(In Box),Mental Health ACT Process Support
,VIHA-NER-Nanaimo Estevan Road-Main Building-2nd Floor,,,3060 (CSO Office)(Not Found),Mental Health Adults
,VIHA-NER-Nanaimo Estevan Road-Main Building-3rd Floor,,,3063 (Outpatiant Procedure Room),Mental Health and Substance Abuse
,VIHA-NHC-Nanaimo Health Centre,,,3329 (Chemotherapy & Medical Daycare Office),Mental Health Substance Abuse
,VIHA-NHC-Nanaimo Health Centre-Main Building,,,3330 (Oncology Physician),MHSU
,VIHA-NHC-Nanaimo Health Centre-Main Building-1st Floor,,,3332 (Chemotherapy Medical Daycare),MHSU Cowi Nana & Tert Adm
,VIHA-NHC-Nanaimo Health Centre-Main Building-2nd Floor,,,3335 (Electrocardiogram)(Mobile),MHSU Senior's
,VIHA-NLFR-Nanaimo Littleford Road-Main Building-1st Floor,,,3336 (ECG - Mobile),MI Clerical & RIS Supp Admin
,VIHA-NMHAS-Nanaimo Mental Health & Addiction Services,,,3336 (Electrodiagnostic - Back Office),MSHU Senior's
,VIHA-NMHAS-Nanaimo Mental Health & Addiction Services-Main Building-1st Floor,,,3336 (Electrodiagnostic),Nanaimo Admin Support
,VIHA-NMMC-Nanaimo Millstone Medical Centre,,,3336 (Electrodiagnostic)(Holter),Network Architecture
,VIHA-NMMC-Nanaimo Millstone Medical Centre-Main Building-2nd Floor,,,3336 (Electrodiagnostic)(Mobile),North Cowichan Comm Hlth Serv
,VIHA-NMRI-Nanaimo MRI,,,3337 (Internal Medicine),NSWOC
,VIHA-NRGH-Nanaimo Regional General Hospital,,,3N (Hallway ),Nursing
,VIHA-NRGH-Nanaimo Regional General Hospital-Ambulatory,,,3N (Hallway West),Nursing SSI
,VIHA-NRGH-Nanaimo Regional General Hospital-Ambulatory-Basement 1,,,3N (Hallway),Occupational Health and Safety
,VIHA-NRGH-Nanaimo Regional General Hospital-Ambulatory-Ground Floor,,,3N (Nurse Station)(7/24),Occupational Therapy
,VIHA-NRGH-Nanaimo Regional General Hospital-Main Building,,,3S (Hallway East - Substation),Operating Rooms
,VIHA-NRGH-Nanaimo Regional General Hospital-Main Building-1st Floor,,,3S (Hallway West - Substation),OR Booking
,VIHA-NRGH-Nanaimo Regional General Hospital-Main Building-2nd Floor,,,3S (Hallway West),Orthopedic Clinic
,VIHA-NRGH-Nanaimo Regional General Hospital-Main Building-3rd Floor,,,3S (Hallway),Outreach
,VIHA-NRGH-Nanaimo Regional General Hospital-Main Building-4th Floor,,,3S (Nurse Station - Front),Palliative Care
,VIHA-NRGH-Nanaimo Regional General Hospital-Main Building-5th Floor,,,3S (Nurse Station - Front)(7/24),Palliative End of Life
,VIHA-NRGH-Nanaimo Regional General Hospital-Main Building-6th Floor,,,3S (Nurse Station - Round Table),Parksville Region Treatmnt Cen
,VIHA-NRGH-Nanaimo Regional General Hospital-Main Building-Basement 1,,,3SE (Hallway),Pathology
,VIHA-NRGH-Nanaimo Regional General Hospital-Main Building-Ground Floor,,,4002 (Pulmonary Function Lab),Pathway to Hope Cowichan
,VIHA-NRGH-Nanaimo Regional General Hospital-Payroll Portable-1st Floor,,,4003 (Outside Respiratory Therapy),Patient Client Care Gulf Islds
,VIHA-NSFC-Nanaimo Seafield Crescent,,,4003 (Respiratory Therapy),Peninsula HUB & Gulf Islds CHS
,VIHA-NSFC-Nanaimo Seafield Crescent-Main Building,,,4003 (Respiratory Therapy)(Spare),PH & W Healthy Communities
,VIHA-NSFC-Nanaimo Seafield Crescent-Main Building-1st Floor,,,4005 (Medication Room),Pharmacy
,VIHA-NSFC-Nanaimo Seafield Crescent-Main Building-2nd Floor,,,4005 (Medication Room)(Unlocked),PHN Medical Health Officer
,VIHA-NSFC-Nanaimo Seafield Crescent-Main Building-Basement 1,,,4015 (Meeting Room),Physiotherapy
,VIHA-NSL-Nanaimo Serenity Lodge,,,4019 (Patient Care Coordinator),Post Anaesthetic Care Unit
,VIHA-NSL-Nanaimo Serenity Lodge-Main Building,,,4019 (Patient Care Coordinator)(Spare),Post Anesthetic Care Unit (PACU)
,VIHA-NSL-Nanaimo Serenity Lodge-Main Building-1st Floor,,,4019 (Patient Care Coordinator)(WFH/Spare),Practice Support Team
,VIHA-NWPS-Nanaimo Wentworth & Prideaux Street-Main Building,,,4024 (CNL Office),Professional Practice Team A
,VIHA-NWPS-Nanaimo Wentworth & Prideaux Street-Main Building-1st Floor,,,4026 (Social Work),Protection Services
,VIHA-NWPS-Nanaimo Wentworth & Prideaux Street-Main Building-2nd Floor,,,4028 (Geriatric Specialty Services),Protection Services - Security Systems
,VIHA-NWRD-Nanaimo Waddington Road-Integrated Primary & Community Care,,,4028 (Spiritual Leader),Protection Services CI
,VIHA-NWRD-Nanaimo Waddington Road-Integrated Primary & Community Care-Main Building,,,4028 (Spiritual Practioner),PSO
,VIHA-NWRD-Nanaimo Waddington Road-Integrated Primary & Community Care-Main Building-2nd Floor,,,4029 (Protection Services Office),Psychiatry
,VIHA-NWR-Nanaimo Waddington Road-Main Building,,,4034 (Meeting Room 1),Public Health
,VIHA-NWR-Nanaimo Waddington Road-Main Building-2nd Floor,,,4036 (Clinical Nurse Lead + Social Worker),Region 3 Scheduling
,VIHA-NWTR-Nanaimo Wellington Road-Main Building-1st Floor,,,4036 (Clinical Nurse Lead + Social Worker)(TV),Region 3 Scheduling Duncan
,VIHA-NWTR-Nanaimo Wellington Road-Main Building-2nd Floor,,,4036 (Patient Care Coordinator - Floater),Rehabilitation
,VIHA-NWWSA-Nanaimo Wentworth Street Annex,,,4037 (Nurse Station - Corner Station),Respiratory Therapy
,VIHA-NWWSA-Nanaimo Wentworth Street Annex-Annex,,,4037 (Nurse Station),RJH PCC 6 South Unit
,VIHA-NWWSA-Nanaimo Wentworth Street Annex-Annex-1st Floor,,,4037 (Psychiatry - Nurse Station),Scheduling
,VIHA-NWWSA-Nanaimo Wentworth Street Annex-Annex-Basement 1,,,4S (Hallway),Scheduling - Region 3 Duncan
,VIHA-NWWS-Nanaimo Wentworth Street,,,002 (Food Services Manager),Seniors Outreach Team
,VIHA-NWWS-Nanaimo Wentworth Street-Main Building,,,CDH Lecture Room,Seniors TMH
,VIHA-NWWS-Nanaimo Wentworth Street-Main Building-1st Floor,,,Cellar (Medical Imaging - Records Storage Cage),SI Admin Support
,VIHA-NWWS-Nanaimo Wentworth Street-Main Building-2nd Floor,,,G002 (Housekeeping),Social Work
,VIHA-NWWS-Nanaimo Wentworth Street-Main Building-3rd Floor,,,G006 (Bio-Medical),Social Work Ladysmith
,VIHA-NYFAS-Nanaimo Discovery Youth & Family Substance Use Services,,,G009 (Lecture Room),Spiritual Health
,VIHA-NYFAS-Nanaimo Discovery Youth & Family Substance Use Services-Main Building-2nd Floor,,,G016 (Food and Nutrition Service Manager),Staff Scheduling
,VIHA-RCO-Regional Corporate Office,,,G017 (Food Services Supervisor),Staffing
,VIHA-RCO-Regional Corporate Office-Main Building-2nd Floor,,,G026 (Dietician Coordinator),Stores
,VIHA-Sat Lab-Satellite Laboratory-Main Building,,,G026 (Dietitian Inpatient),SUIT
,VIHA-Sat Lab-Satellite Laboratory-Main Building-1st Floor,,,G026 (Dietitian Out Patient),SUIT - Substance Use Integrated Team
,VIHA-PIHU-Pender Island Health Unit-Main Building-1st Floor,,,G027 (Hospital At Home - Office),Surgical Daycare
,VIHA-OHC-Oceanside Health Centre,,,G027 (Hospital At Home),Surgical Services
,VIHA-OHC-Oceanside Health Centre-Main Building,,,G027 (Hospital At Home) (Marked as Spare),Surgical Services Admin
,VIHA-OHC-Oceanside Health Centre-Main Building-1st Floor,,,G029A (Infection Prevention and Control),Switchboard
,VIHA-OHC-Oceanside Health Centre-Main Building-2nd Floor,,,G029B (Nurse Educator Office),Talent Aquis and Retn Adm
,VIHA-PFP-Parksville Family Place,,,G029B (Nurse Educator Office)(Student Laptop),TBD
,VIHA-PFP-Parksville Family Place-Main Building-1st Floor,,,G035 (Laundry Room),Technology Systems Support
,VIHA-PFP-Parksville Family Place-Main Building-2nd Floor,,,G036 (Laundry Manager),The Summit Long Term Care
,VIHA-PQHU-Parksville/Qualicum Health Unit,,,G036 (Laundry Room Area),u_department_location
,VIHA-TLLTC-Trillium Lodge,,,G038 (Stores),Ultrasound
,VIHA-TLLTC-Trillium Lodge-Main Building-1st Floor,,,G040 (Managers Office),University of Victoria
,VIHA-KHCPA-Kiwanis Hilton Centre Port Alberni-Main Building-1st Floor,,,G046 (FMO Manager),Urgent Care
,VIHA-PACDF-Port Alberni Community Dialysis Facility-Main Building-1st Floor,,,G047 (FMO Office),Virtual Care Services
,VIHA-PAHCCS-Port Alberni Home & Community Care Services-Main Building-1st Floor,,,G048 (Electrical Manager Office),Waiting Room
,VIHA-PAHC-Port Alberni Health Centre-Main Building-1st Floor,,,G049 (Electrical Shop),WFH
,VIHA-PAHC-Port Alberni Health Centre-Main Building-2nd Floor,,,G051 (FMO/Engineering),Work From Home
,VIHA-PAIHN-Port Alberni Integrated Health Network-Main Building-1st Floor,,,G052 (Plumbing),Xray department
,VIHA-PAMHAS-Port Alberni Mental Health & Addiction Services-Main Building-1st Floor,,,G054A (FMO Supervisors Office),
,VIHA-PARS-Port Alberni Redford Street-Main Building-1st Floor,,,G054B (Maintenance Shop / Green Room),
,VIHA-PAST-Port Alberni Youth Short Term Assessment and Response-Main Building-1st Floor,,,G057 (Boiler Room Office),
,VIHA-WCGH-West Coast General Hospital,,,G101 (Pharmacy - Back),
,VIHA-WCGH-West Coast General Hospital-Main Building-1st Floor,,,G101 (Pharmacy - Front),
,VIHA-WCGH-West Coast General Hospital-Main Building-2nd Floor,,,G101 (Pharmacy - Front)(724),
,VIHA-WRC-Westhaven-Main Building-1st Floor,,,G101 (Pharmacy - Hallway),
,VIHA-PAH-Port Alice Health Center-Main Building-1st Floor,,,G101 (Pharmacy - Manager Office),
,VIHA-ERM-Eagle Ridge Manor,,,G101 (Pharmacy - PacMed),
,VIHA-ERM-Eagle Ridge Manor-Main Building-1st Floor,,,G102 (Manager Office),
,VIHA-PHFP-Port Hardy Family Practice-Main Building,,,G109 (Anti-Room),
,VIHA-PHFP-Port Hardy Family Practice-Main Building-1st Floor,,,Trailer 1 (Admin Office) / 208,
,VIHA-PHHC-Port Hardy Health Centre,,,Trailer 1 (Admin Office - Storage),
,VIHA-PHHC-Port Hardy Health Centre-Main Building-1st Floor,,,Trailer 1 (Admin Office),
,VIHA-PHH-Port Hardy Hospital,,,Trailer 1 (Dr Graham Blackburn),
,VIHA-PHH-Port Hardy Hospital-Main Building-1st Floor,,,Trailer 2 (Admin Office),
,VIHA-PHMHAS-Port Hardy Mental Health & Addiction Services-Main Building-1st Floor,,,Trailer 2 (Cynthia Turgeon),
,VIHA-PHPCC-Port Hardy Primary Care Centre-Main Building-1st Floor,,,Trailer 2 (Respiratory Assessment Trailer),
,VIHA-PMAPCC-Port McNeill A'ekakila'as Primary Care Centre-Main Building-1st Floor,,,D077 (Bridgette von B),
,VIHA-PMH-Port McNeill Hospital-Main Building-1st Floor,,,D080 (Lisa Young - Director),
,VIHA-AGRC-Arranglen Gardens-Main Building-1st Floor,,,D081 (Sheena N),
,VIHA-EPLTC-Eagle Park,,,D082,
,VIHA-EPLTC-Eagle Park-Main Building-1st Floor,,,D084,
,VIHA-QBCC-Qualicum Beach Civic Center Restorative Health-Main Building,,,D084 (Housekeeping Office),
,VIHA-QBCC-Qualicum Beach Civic Center Restorative Health-Main Building-1st Floor,,,D085,
,VIHA-QIMC-Quadra Island Medical Clinic-Main Building-1st Floor,,,D086 (Sarah Thompson),
,VIHA-Quathiaski Cove,,,D087 (Sarah StCyr),
,NTT-Microserve-Warehouse-Victoria,,,D088,
,VIHA-PHU-Peninsula Health Unit,,,D091,
,VIHA-PHU-Peninsula Health Unit-Main Building-1st Floor,,,D091 (Teresa 'Lori' Richter),
,VIHA-PHU-Peninsula Health Unit-Main Building-2nd Floor,,,D093,
,VIHA-SCHS-Saanich Community Health Services - Orca Building,,,D094,
,VIHA-SPH-Saanich Peninsula Hospital,,,D094 (Michelle C),
,VIHA-SPH-Saanich Peninsula Hospital-Main Building,,,D096 (Linnea Strom),
,VIHA-SPH-Saanich Peninsula Hospital-Main Building-1st Floor,,,D096 (Sushma Bachra),
,VIHA-SPH-Saanich Peninsula Hospital-Main Building-Basement 1,,,D097 (Sheri Biblow),
,VIHA-LMH-Lady Minto Hospital,,,D098,
,VIHA-SIDL-Sidney Lab-Main Building-1st Floor,,,D098 (Sonya Manhas),
,VIHA-SHC-Sointula Health Clinic-Main Building-1st Floor,,,D099 (Nelson F.),
,VIHA-CASA-Sooke Health Unit Public Health Nursing-Main Building-1st Floor,,,D100 (David Leadbetter),
,VIHA-SIHN-Sooke Integrated Health Network-Main Building-1st Floor,,,D100 (Sharron Drew),
,VIHA-THC-Tahsis Health Centre-Main Building-1st Floor,,,300B (file room),
,VIHA-CFP-Coastal Family Place-Main Building-1st Floor,,,300C,
,VIHA-TGH-Tofino General Hospital-Main Building,,,304 Adult South Station - LPN,
,VIHA-TGH-Tofino General Hospital-Main Building-1st Floor,,,304 Adult South Station - PRW,
,VIHA-TGH-Tofino General Hospital-Main Building-Basement 1,,,421 (Nursing Station #1),
,VIHA-UFT-Ucluelet Family Ties-Main Building-1st Floor,,,B - Sunroom (Admin Area),
,VIHA-ULS-Ucluelet Lab Services-Main Building-1st Floor,,,B28,
,VIHA-UPR-Ucluelet Peninsula Road-Community Health Centre-1st Floor,,,B28 (Kari),
,VIHA-WCMHAS-West Coast Mental Health & Addiction Services-Main Building-1st Floor,,,B32,
,VIHA-ABER-Aberdeen Hospital,,,B32 (Staff Scheduling),
,VIHA-ABER-Aberdeen Hospital-Main Building,,,B33,
,VIHA-ABER-Aberdeen Hospital-Main Building-1st Floor,,,B34,
,VIHA-ABER-Aberdeen Hospital-Main Building-2nd Floor,,,B35,
,VIHA-ABER-Aberdeen Hospital-Main Building-3rd Floor,,,B36,
,VIHA-ABER-Aberdeen Hospital-Main Building-Basement 1,,,B37,
,VIHA-ADSC-Alcohol & Drug Services Clinic,,,B38,
,VIHA-ADSC-Alcohol & Drug Services Clinic-Main Building,,,B39,
,VIHA-ADSC-Alcohol & Drug Services Clinic-Main Building-2nd Floor,,,B40,
,VIHA-AHRF-Adanac House Residential Facility-Main Building,,,B46,
,VIHA-AHRF-Adanac House Residential Facility-Main Building-1st Floor,,,B47,
,VIHA-AWL-Admirals Walk Lab-Main Building-1st Floor,,,B47 (Denise Macdonald),
,VIHA-BSRF-Blackwood Suites Residential Facility-Main Building-1st Floor,,,B49,
,VIHA-CARF-Caribbean Apartments Residential Facility-Main Building-1st Floor,,,B50,
,VIHA-CCHW-Alex & Jo Campbell Centre for Health and Wellness-Main Building-1st Floor,,,C - Adult patient area(TBD),
,VIHA-CSNP-Community Service Centre-Main Building,,,C - Patient Lounge - North(TBD),
,VIHA-CVAVKR-Old Blanshard Elementary School Building: COVID-IMS,,,C - Reception(TBD),
,VIHA-DARS-Drug & Alcohol Rehab Society-Main Building-1st Floor,,,C300,
,VIHA-DOS-Downtown Outreach Services-Main Building-1st Floor,,,C310(TBD),
,VIHA-DVUPCC-Downtown Victoria Urgent Primary Care Centre,,,C312 (Meeting Room),
,VIHA-ECS-Esquimalt Comerford Street-Main Building,,,C319 (Social Work)(TBD),
,VIHA-ECS-Esquimalt Comerford Street-Main Building-1st Floor,,,C319(OT Office)(TBD),
,VIHA-ECV-Eagle Creek Village-Building 7-3rd Floor,,,C400 (Meeting Room)(TBD),
,VIHA-EHU-Esquimalt Health Unit-Main Building,,,C401(TBD),
,VIHA-EHU-Esquimalt Health Unit-Main Building-1st Floor,,,C418,
,VIHA-EHU-Esquimalt Health Unit-Main Building-2nd Floor,,,C454(TBD),
,VIHA-EMP-Eric Martin Pavilion,,,Care station 1,
,VIHA-EMP-Eric Martin Pavilion-Eric Martin Pavilion,,,Colleen Davis office to change soon,
,VIHA-EMP-Eric Martin Pavilion-Eric Martin Pavilion-1st Floor,,,D097 (Catherine Rousselle),
,VIHA-EMP-Eric Martin Pavilion-Eric Martin Pavilion-2nd Floor,,,D102,
,VIHA-EMP-Eric Martin Pavilion-Eric Martin Pavilion-3rd Floor,,,D102 (Seniors unit room),
,VIHA-EMP-Eric Martin Pavilion-Eric Martin Pavilion-4th Floor,,,D78,
,VIHA-EMP-Eric Martin Pavilion-Eric Martin Pavilion-5th Floor,,,D83 - WFH,
,VIHA-EMP-Eric Martin Pavilion-Eric Martin Pavilion-6th Floor,,,D90,
,VIHA-EUPCC-Esquimalt Urgent Primary Care Centre-Main Building,,,D92,
,VIHA-EUPCC-Esquimalt Urgent Primary Care Centre-Main Building-1st Floor,,,MAINTENANCE OFFICE(TBD),
,VIHA-EWHU-Esquimalt/Westshore Health Unit,,,North Care Station,
,VIHA-EWHU-Esquimalt/Westshore Health Unit-Main Building,,,North Care Station(TBD),
,VIHA-EWHU-Esquimalt/Westshore Health Unit-Main Building-1st Floor,,,Reception,
,VIHA-EWHU-Esquimalt/Westshore Health Unit-Main Building-2nd Floor,,,staffing,
,VIHA-FRMC-Fort Royal Medical Centre,,,Sun Room,
,VIHA-FRMC-Fort Royal Medical Centre-Main Building-4th Floor,,,Sunroom (admin area),
,VIHA-GHHU-Gordon Head/ Oak Bay Health Unit,,,WFH - Andrea Akhurst,
,VIHA-GHHU-Gordon Head/ Oak Bay Health Unit-Main Building,,,WFH - Candis Haslam,
,VIHA-GHHU-Gordon Head/ Oak Bay Health Unit-Main Building-1st Floor,,,WFH - Denise Paul,
,VIHA-GHRC-Gordon Head Recreation Centre-Main Building-1st Floor,,,112 (CNL Office),
,VIHA-GLEN-Glengarry Hospital,,,112 (Quiet Room),
,VIHA-GLEN-Glengarry Hospital-Chandler Unit-1st Floor,,,124 - Reception,
,VIHA-GLEN-Glengarry Hospital-Fairfield Unit,,,124A (Volunteer Office),
,VIHA-GLEN-Glengarry Hospital-Main Building-1st Floor,,,126 (Rounds - connected to TV on wall),
,VIHA-GLEN-Glengarry Hospital-Main Building-2nd Floor,,,126 (Rounds),
,VIHA-GLEN-Glengarry Hospital-Main Building-3rd Floor,,,128 (Medications),
,VIHA-GLEN-Glengarry Hospital-Main Building-Basement,,,Nurse's Station,
,VIHA-GLEN-Glengarry Hospital-Main Building-Basement 1,,,Room 126 (rounds/board room),
,VIHA-GLEN-Glengarry Hospital-Richmond Unit,,,WFH ???,
,VIHA-GLEN-Glengarry Hospital-Richmond Unit-2nd Floor,,,RM# 01a (South Wing),
,VIHA-GRH-Gorge Road Hospital,,,RM# 19A (East Wing),
,VIHA-GRH-Gorge Road Hospital-Main Building,,,RM# 23b (East Wing),
,VIHA-GRH-Gorge Road Hospital-Main Building-1st Floor,,,RM# 30A (North Wing),
,VIHA-GRH-Gorge Road Hospital-Main Building-2nd Floor,,,RM# 36 (AKA pharmacist office),
,VIHA-GRH-Gorge Road Hospital-Main Building-3rd Floor,,,RM# 37 (Gail Kerrone Manager),
,VIHA-GRH-Gorge Road Hospital-Main Building-4th Floor,,,RM# 38 (Reception),
,VIHA-GSRF-Garden Street Residential Facility-Main Building-1st Floor,,,RM# 41,
,VIHA-GVHF-Victoria Hospitals Foundation,,,RM# 42 (Nursing Station),
,VIHA-GVHF-Victoria Hospitals Foundation-Wilson Block-1st Floor,,,RM# 50 (Rehab),
,VIHA-GVHU-Gateway Village Health Unit,,,RM# 51 (Laundry room),
,VIHA-GVHU-Gateway Village Health Unit-Main Building,,,RM#48,
,VIHA-GVHU-Gateway Village Health Unit-Main Building-1st Floor,,,136 (TBD),
,VIHA-HPMH-Holly Place-Main Building-1st Floor,,,163 (TBD),
,VIHA-HSHC-Hillside Seniors Health Centre,,,250 (Boardroom),
,VIHA-HSHC-Hillside Seniors Health Centre-Main Building,,,room 136 in Hospice,
,VIHA-HSHC-Hillside Seniors Health Centre-Main Building-1st Floor,,,WFH - Aimee MacPhail,
,VIHA-HW-Heritage Woods-Main Building-1st Floor,,,Employee Office,
,VIHA-IMHS-Island Mental Health Service,,,Main Room,
,VIHA-IMHS-Island Mental Health Service-Main Building-2nd Floor,,,Office,
,VIHA-JBUPCC-James Bay Urgent Primary Care Clinic,,,Exam Room 1704,
,VIHA-JBYC-James Bay Youth Clinic,,,Exam Room 1705,
,VIHA-JBYC-James Bay Youth Clinic-Main Building,,,Office 1711,
,VIHA-JBYC-James Bay Youth Clinic-Main Building-2nd Floor,,,-,
,VIHA-MUN-Munro Centre-Island Ultrasound-Main Building-1st Floor,,,108 (CN),
,VIHA-NQUPCC-North Quadra Urgent and Primary Care Centre-Main Building,,,112 (CN),
,VIHA-NQUPCC-North Quadra Urgent and Primary Care Centre-Main Building-1st Floor,,,112 (not connected),
,VIHA-PHRF-Panama House Residential Facility-Main Building-1st Floor,,,114 (Shared Office),
,VIHA-PRIO-Priory Hospital-Heritage Woods,,,Nurse Station,
,VIHA-PRIO-Priory Hospital-Heritage Woods-1st Floor,,,Nursing Station,
,VIHA-PRIO-Priory Hospital-Hiscock,,,Nursing Station (CN),
,VIHA-PRIO-Priory Hospital-Hiscock-1st Floor,,,01 (Clinic Room),
,VIHA-PRIO-Priory Hospital-Priory Hospital-1st Floor,,,03 (Clinic Room),
,VIHA-PRIO-Priory Hospital-Rosewood Cottage-1st Floor,,,04 (Nicole Watters),
,VIHA-PSMH-Pembroke Street Mental Health,,,05 (Shelley),
,VIHA-PSMH-Pembroke Street Mental Health-Main Building,,,08 (Dr. Nick Hargrove),
,VIHA-PSMH-Pembroke Street Mental Health-Main Building-1st Floor,,,09 - Benjamin Rhames,
,VIHA-QAC-Queen Alexandra Centre for Children,,,10 (Meeting Room),
,VIHA-QAC-Queen Alexandra Centre for Children-Fisher Building,,,11 (),
,VIHA-QAC-Queen Alexandra Centre for Children-Fisher Building-1st Floor,,,File Room (RH Corner),
,VIHA-QAC-Queen Alexandra Centre for Children-Jack Ledger Building,,,09 (),
,VIHA-QAC-Queen Alexandra Centre for Children-Jack Ledger Building-1st Floor,,,2 (Mark's Office),
,VIHA-QAC-Queen Alexandra Centre for Children-Jack Ledger Building-Basement 1,,,COA space,
,VIHA-QAC-Queen Alexandra Centre for Children-Main Building,,,RM1 (Ardela's Office),
,VIHA-QAC-Queen Alexandra Centre for Children-Main Building-1st Floor,,,RM3 (Heather's Office),
,VIHA-QAC-Queen Alexandra Centre for Children-Main Building-2nd Floor,,,RM5 (Shaun's Office),
,VIHA-QAC-Queen Alexandra Centre for Children-Pearkes Building,,,RM6 ( Kirsten's Office),
,VIHA-QAC-Queen Alexandra Centre for Children-Pearkes Building-1st Floor,,,RM7 (Kim's Office),
,VIHA-QAC-Queen Alexandra Centre for Children-Pearkes Building-Basement 1,,,Stored On Site,
,VIHA-QAC-Queen Alexandra Centre for Children-Queen Alexandra Main,,,WFH - Melissa Morrison,
,VIHA-QAC-Queen Alexandra Centre for Children-Queen Alexandra Main-1st Floor,,,ACT Team Area-,
,VIHA-QAC-Queen Alexandra Centre for Children-Queen Alexandra Main-Basement 1,,,admin,
,VIHA-RARF-Rockland Apartments Residential Facility-Main Building,,,Board Room B,
,VIHA-RARF-Rockland Apartments Residential Facility-Main Building-1st Floor,,,Clinic,
,VIHA-RJH-Royal Jubilee Hospital,,,Meeting Room A,
,VIHA-RJH-Royal Jubilee Hospital-Adanac Services-1st Floor,,,Office 30 Trailer,
,VIHA-RJH-Royal Jubilee Hospital-Administrative Building,,,220 (574 Cornation Street - HSS 6),
,VIHA-RJH-Royal Jubilee Hospital-Administrative Building-1st Floor,,,220 (574 Cornation Street),
,VIHA-RJH-Royal Jubilee Hospital-Administrative Building-2nd Floor,,,101 (#1 Charge Cabinet),
,VIHA-RJH-Royal Jubilee Hospital-Administrative Building-3rd Floor,,,101 (#2 Charge Cabinet),
,VIHA-RJH-Royal Jubilee Hospital-Administrative Building-Basement 1,,,101 (#3 Charge Cabinet),
,VIHA-RJH-Royal Jubilee Hospital-Coronation Annex,,,101 (#4 Charge Cabinet),
,VIHA-RJH-Royal Jubilee Hospital-Coronation Annex-1st Floor,,,101 (#5 Charge Cabinet),
,VIHA-RJH-Royal Jubilee Hospital-Coronation Annex-2nd Floor,,,101 (#6 Charge Cabinet),
,VIHA-RJH-Royal Jubilee Hospital-Diagnostic & Treatment,,,101 (#7??? Charge Cabinet),
,VIHA-RJH-Royal Jubilee Hospital-Diagnostic & Treatment-1st Floor,,,101 (#8 Charge Cabinet),
,VIHA-RJH-Royal Jubilee Hospital-Diagnostic & Treatment-2nd Floor,,,101 (W41),
,VIHA-RJH-Royal Jubilee Hospital-Diagnostic & Treatment-3rd Floor,,,101 (W42),
,VIHA-RJH-Royal Jubilee Hospital-Diagnostic & Treatment-4th Floor,,,101 (W43),
,VIHA-RJH-Royal Jubilee Hospital-Diagnostic & Treatment-5th Floor,,,101 (W44),
,VIHA-RJH-Royal Jubilee Hospital-Diagnostic & Treatment-Basement 1,,,101 (W45),
,VIHA-RJH-Royal Jubilee Hospital-Eric Martin Pavilion-1st Floor,,,104 (Chart Room),
,VIHA-RJH-Royal Jubilee Hospital-Eric Martin Pavilion-2nd Floor,,,105 (W1) Telehealth,
,VIHA-RJH-Royal Jubilee Hospital-Eric Martin Pavilion-3rd Floor,,,106 (Exam Room),
,VIHA-RJH-Royal Jubilee Hospital-Eric Martin Pavilion-4th Floor,,,107 (Exam Room),
,VIHA-RJH-Royal Jubilee Hospital-Eric Martin Pavilion-5th Floor,,,108 (Exam Room),
,VIHA-RJH-Royal Jubilee Hospital-Eric Martin Pavilion-6th Floor,,,109 (Exam Room),
,VIHA-RJH-Royal Jubilee Hospital-Eric Martin Pavilion-Basement 1,,,110 (Exam Room),
,VIHA-RJH-Royal Jubilee Hospital-Memorial Pavilion,,,111 (Exam Room) First Aid Room,
,VIHA-RJH-Royal Jubilee Hospital-Memorial Pavilion-1st Floor,,,115 (W46),
,VIHA-RJH-Royal Jubilee Hospital-Memorial Pavilion-2nd Floor,,,115 (W47),
,VIHA-RJH-Royal Jubilee Hospital-Memorial Pavilion-3rd Floor,,,115 (W48),
,VIHA-RJH-Royal Jubilee Hospital-Memorial Pavilion-Basement 1,,,115 (W49),
,VIHA-RJH-Royal Jubilee Hospital-Parkade/Security Complex,,,115 (W50),
,VIHA-RJH-Royal Jubilee Hospital-Parkade/Security Complex-1st Floor,,,115 (W51),
,VIHA-RJH-Royal Jubilee Hospital-Parkade/Security Complex-2nd Floor,,,115 (W52) Education Desk,
,VIHA-RJH-Royal Jubilee Hospital-Patient Care Center-0th Floor,,,115 (W53),
,VIHA-RJH-Royal Jubilee Hospital-Patient Care Center-1st Floor,,,115 (W54),
,VIHA-RJH-Royal Jubilee Hospital-Patient Care Center-2nd Floor,,,116 (W55),
,VIHA-RJH-Royal Jubilee Hospital-Patient Care Center-3rd Floor,,,116 (W57),
,VIHA-RJH-Royal Jubilee Hospital-Patient Care Center-4th Floor,,,116 (W58),
,VIHA-RJH-Royal Jubilee Hospital-Patient Care Center-5th Floor,,,116 (W59),
,VIHA-RJH-Royal Jubilee Hospital-Patient Care Center-6th Floor,,,116 (W60),
,VIHA-RJH-Royal Jubilee Hospital-Patient Care Center-7th Floor,,,116 (W61),
,VIHA-RJH-Royal Jubilee Hospital-Patient Care Center-8th Floor,,,116 (W62),
,VIHA-RJH-Royal Jubilee Hospital-Richmond Pavilion,,,116 (W63),
,VIHA-RJH-Royal Jubilee Hospital-Richmond Pavilion-1st Floor,,,116 (W64),
,VIHA-RJH-Royal Jubilee Hospital-Richmond Pavilion-2nd Floor,,,116 (W65),
,VIHA-RJH-Royal Jubilee Hospital-Richmond Pavilion-3rd Floor,,,116 (W66),
,VIHA-RJH-Royal Jubilee Hospital-Richmond Pavilion-4th Floor,,,116 (W67),
,VIHA-RJH-Royal Jubilee Hospital-Richmond Pavilion-Basement 1,,,116 (W68),
,VIHA-RJH-Royal Jubilee Hospital-Rixford Building-1st Floor,,,117 (W69),
,VIHA-RJH-Royal Jubilee Hospital-Rixford Building-Basement 1,,,117 (W70),
,VIHA-RJH-Royal Jubilee Hospital-Royal Block,,,117 (W71),
,VIHA-RJH-Royal Jubilee Hospital-Royal Block-1st Floor,,,117 (W72),
,VIHA-RJH-Royal Jubilee Hospital-Royal Block-2nd Floor,,,117 (W73),
,VIHA-RJH-Royal Jubilee Hospital-Royal Block-3rd Floor,,,117 (W74),
,VIHA-RJH-Royal Jubilee Hospital-Royal Block-4th Floor,,,117 (W75),
,VIHA-RJH-Royal Jubilee Hospital-Royal Block-Basement 1,,,117 (W76),
,VIHA-RJH-Royal Jubilee Hospital-Royal Jubilee Main,,,117 (W77),
,VIHA-RJH-Royal Jubilee Hospital-Royal Jubilee Main-1st Floor,,,117 (W78) Jennifer Brown,
,VIHA-RJH-Royal Jubilee Hospital-Royal Jubilee Main-2nd Floor,,,118 (W28),
,VIHA-RJH-Royal Jubilee Hospital-Royal Jubilee Main-3rd Floor,,,118 (W80),
,VIHA-RJH-Royal Jubilee Hospital-Royal Jubilee Main-4th Floor,,,118 (W81),
,VIHA-RJH-Royal Jubilee Hospital-Royal Jubilee Main-5th Floor,,,118 (W82),
,VIHA-RJH-Royal Jubilee Hospital-West Block,,,118 (W83),
,VIHA-RJH-Royal Jubilee Hospital-West Block-1st Floor,,,118 (W84),
,VIHA-RJH-Royal Jubilee Hospital-West Block-2nd Floor,,,119 (W85),
,VIHA-RJH-Royal Jubilee Hospital-West Block-3rd Floor,,,119 (W86),
,VIHA-RJH-Royal Jubilee Hospital-West Block-4th Floor,,,119 (W87),
,VIHA-RJH-Royal Jubilee Hospital-Wilson Block-1st Floor,,,119 (W88),
,VIHA-RPS-Regional Printing Services,,,119 (W89),
,VIHA-RPS-Regional Printing Services-Main Building,,,119 (W90),
,VIHA-RPS-Regional Printing Services-Main Building-1st Floor,,,120 (W100),
,VIHA-SARF-Styles Street Apartments-Main Building,,,120 (W101),
,VIHA-SARF-Styles Street Apartments-Main Building-2nd Floor,,,120 (W102),
,VIHA-SD62-Sooke School Board-Main Building-1st Floor,,,120 (W103),
,VIHA-SHU-Saanich Centre Health Unit,,,120 (W104),
,VIHA-SHU-Saanich Centre Health Unit-Main Building-2nd Floor,,,120 (W91),
,VIHA-SHU-Saanich Centre Health Unit-Main Building-3rd Floor,,,120 (W92),
,VIHA-SISC-South Island Surgical Centre,,,120 (W93),
,VIHA-SISC-South Island Surgical Centre-Eagle Creek Village Building 7-4th Floor,,,120 (W94),
,VIHA-SISC-South Island Surgical Centre-Eagle Creek Village Building 7-5th Floor,,,120 (W95),
,VIHA-SOMH-Seven Oaks Tertiary Mental Health,,,120 (W96),
,VIHA-SOMH-Seven Oaks Tertiary Mental Health-Main Building-1st Floor,,,120 (W97),
,VIHA-SOMH-Seven Oaks Tertiary Mental Health-Main Building-Basement,,,120 (W98),
,VIHA-SOMH-Seven Oaks Tertiary Mental Health-Seven Oaks House 2,,,120 (W99),
,VIHA-SOMH-Seven Oaks Tertiary Mental Health-Seven Oaks House 4-1st Floor,,,125 (W28),
,VIHA-SOMH-Seven Oaks Tertiary Mental Health-Seven Oaks House 5-Basement,,,125 (W35) - Stephanie Sam,
,VIHA-SOMH-Seven Oaks Tertiary Mental Health-Transition House-1st Floor,,,126 (W09),
,VIHA-TARF-Tillicum Apartments Residential Facility,,,126 (W29),
,VIHA-TARF-Tillicum Apartments Residential Facility-Main Building,,,127 (W30),
,VIHA-TARF-Tillicum Apartments Residential Facility-Main Building-1st Floor,,,127 (W31),
,VIHA-TOLM-Mount Tolmie Hospital-Main Building-1st Floor,,,128 (W32),
,VIHA-TOLM-Mount Tolmie Hospital-Main Building-Basement 1,,,129 (Cabinet in hall - HSS 1),
,VIHA-VADR-Victoria Allandale Road-Main Building,,,129 (Cabinet in Hall - HSS 2),
,VIHA-VADR-Victoria Allandale Road-Main Building-1st Floor,,,129 (Cabinet in Hall - HSS 3),
,VIHA-VCA-Vancouver Island Cancer Centre-Main Building,,,129 (Cabinet in Hall - HSS 4),
,VIHA-VCDF-Victoria Community Dialysis Facility-Main Building-1st Floor,,,129 (Cabinet in Hall - HSS 5),
,VIHA-VCS-Victoria Cook Street-Main Building-1st Floor,,,129 (W33) Erica McKendry,
,VIHA-VDMH-Victoria Detox-Main Building,,,131 - Floor for storage,
,VIHA-VDSC-Victoria Douglas Street Clinic,,,131 (Elyse Laughland) (Temporary in this room),
,VIHA-VDSC-Victoria Douglas Street Clinic-Main,,,131 (W34) - Rhonda Soldera,
,VIHA-VDSC-Victoria Douglas Street Clinic-Main-1st Floor,,,132 (W9) - Breakout Room,
,VIHA-VFS-Victoria Fort Street,,,133 (W37),
,VIHA-VFS-Victoria Fort Street-Main Building,,,133 (W38),
,VIHA-VFS-Victoria Fort Street-Main Building-1st Floor,,,134 (W39),
,VIHA-VGA-Victoria Glanford Avenue,,,135 (W40),
,VIHA-VGA-Victoria Glanford Avenue-Main Building,,,136 (W2),
,VIHA-VGA-Victoria Glanford Avenue-Main Building-3rd Floor,,,136 (W3),
,VIHA-VGH-Victoria General Hospital,,,137 (W10),
,VIHA-VGH-Victoria General Hospital-Main Building,,,137 (W11),
,VIHA-VGH-Victoria General Hospital-Main Building-1st Floor,,,137 (W12),
,VIHA-VGH-Victoria General Hospital-Main Building-2nd Floor,,,137 (W13),
,VIHA-VGH-Victoria General Hospital-Main Building-3rd Floor,,,137 (W14),
,VIHA-VGH-Victoria General Hospital-Main Building-4th Floor,,,137 (W15),
,VIHA-VGH-Victoria General Hospital-Main Building-5th Floor,,,137 (W16),
,VIHA-VGH-Victoria General Hospital-Main Building-6th Floor,,,137 (W17),
,VIHA-VGH-Victoria General Hospital-Main Building-7th Floor,,,137 (W4),
,VIHA-VGH-Victoria General Hospital-Parking Office-1st Floor,,,137 (W5),
,VIHA-VGH-Victoria General Hospital-Regional Laundry-1st Floor,,,137 (W6),
,VIHA-VGH-Victoria General Hospital-Regional Laundry-Basement 1,,,137 (W7),
,VIHA-VHCSC-Victoria Hospice Community Support Centre,,,137 (W8),
,VIHA-VHCSC-Victoria Hospice Community Support Centre-Main Building-1st Floor,,,138 (TBD) WS 18,
,VIHA-VHF-Victoria Hospice Foundation-Main Building,,,138 (W18),
,VIHA-VHU-Victoria Health Unit,,,138 (W19),
,VIHA-VHU-Victoria Health Unit-Main Building,,,138 (W20),
,VIHA-VHU-Victoria Health Unit-Main Building-1st Floor,,,138 (W21),
,VIHA-VHU-Victoria Health Unit-Main Building-2nd Floor,,,138 (W22),
,VIHA-VJSHC-Victoria Johnson Street Health Centre-Main Building-2nd Floor,,,139 (W23),
,VIHA-VJS-Victoria Johnson Street-The Dalmation-4th Floor,,,139 (W24),
,VIHA-VMH-Victoria Mental Health Centre,,,139 (W25),
,VIHA-VMS-Victoria Michigan Street (Her Way Home Program),,,139 (W27),
,VIHA-VMS-Victoria Michigan Street (Her Way Home Program)-Main Building,,,Room 116 (W56),
,VIHA-VNPS-Victoria North Park Street-Main Building-1st Floor,,,unknown,
,VIHA-VNS-Victoria Nanaimo Street,,,WFH -,
,VIHA-VNS-Victoria Nanaimo Street-Main Building,,,WFH - Home Office (VPN),
,VIHA-VNS-Victoria Nanaimo Street-Main Building-1st Floor,,,WFH - Joanne Rife,
,VIHA-VOBA-Victoria Oak Bay Avenue-Main Building-1st Floor,,,WFH (Catherine Brooks),
,VIHA-VPAHC-Victoria Pandora Avenue Health Centre,,,Not found - 268(W116),
,VIHA-VPAHC-Victoria Pandora Avenue Health Centre-Main Building,,,202 (W152),
,VIHA-VPAHC-Victoria Pandora Avenue Health Centre-Main Building-1st Floor,,,203 c/o Melissa Manson,
,VIHA-VPCA-Victoria Princess Avenue-Main Building-1st Floor,,,212 - Jonathan Noakes,
,VIHA-VQSC-Victoria Quadra Center-Main Building-2nd Floor,,,217 (W127) Geraldine Blair-Speirs,
,VIHA-VSQV-Victoria Summit Quadra Village,,,218 (W128),
,VIHA-VSQV-Victoria Summit Quadra Village-Main Building,,,218 (W128) WFH - Corry Pettigrew,
,VIHA-VSQV-Victoria Summit Quadra Village-Main Building-1st Floor,,,219 - Not Found,
,VIHA-VSQV-Victoria Summit Quadra Village-Main Building-2nd Floor,,,219 (W129),
,VIHA-VSQV-Victoria Summit Quadra Village-Main Building-3rd Floor,,,220 (W130) Anna Forrest,
,VIHA-VSQV-Victoria Summit Quadra Village-Main Building-4th Floor,,,223 (W137),
,VIHA-WCB-Wellness Centre at Belmont -Main-1st Floor,,,223 (W138),
,VIHA-WHRF-Wascana House Residential Facility-Main Building-1st Floor,,,223 (W146),
,VIHA-WSC-West Shore Centre-Main Building,,,223 (W147),
,VIHA-WSC-West Shore Centre-Main Building-1st Floor,,,251 (W105) Reception,
,VIHA-WSC-West Shore Centre-Main Building-2nd Floor,,,252 (W106 - side desk),
,VIHA-WUPCC-Westshore Urgent Primary Care Centre,,,252 (W106),
,VIHA-WUPCC-Westshore Urgent Primary Care Centre-Main Building,,,252 (W107),
,VIHA-WUPCC-Westshore Urgent Primary Care Centre-Main Building-1st Floor,,,253 (W108),
,VIHA-YQIHC-Yates Quadra Integrated Health Centre,,,253 (W109) - Alison Gardner,
,VIHA-YQIHC-Yates Quadra Integrated Health Centre-Main Building,,,254 (W110),
,VIHA-YQIHC-Yates Quadra Integrated Health Centre-Main Building-1st Floor,,,254 (W111),
,VIHA-WRH-Woss Rural Health-Main Building-1st Floor,,,255 (W112),
,VIHA-ZHU-Zeballos Health Unit,,,256 (W113),
,VIHA-ZHU-Zeballos Health Unit-Main Building-1st Floor,,,257 (W118),
,,,,257 (W119),
,,,,258 (W121) Jodi Worth,
,,,,259 (WFH),
,,,,260 (W150),
,,,,260 (W151) Maryann,
,,,,261 (W149) - Emma James,
,,,,262 (W148) Sue Kurucz,
,,,,262 ???,
,,,,266 (W114),
,,,,266 (W115) Angela Eykelbosh,
,,,,267 (TBD),
,,,,268 (W116) Jennifer Sirup,
,,,,268 (W117) Kelsey,
,,,,Attention Jody (207),
,,,,FALSE,
,,,,Home Use,
,,,,WFH - Chelsey Mcdonald,
,,,,WFH - Janeen Kidd (Project Director),
,,,,WFH - Jennifer Sirup,
,,,,WFH - Ruchir Mehndiratta,
,,,,Float Station #3,
,,,,Float Station #4,
,,,,Office 1,
,,,,Office 2,
,,,,Office 3,
,,,,Office 4,
,,,,Office 5,
,,,,Admin Office,
,,,,1 Consumption Area,
,,,,119 (Exan Room),
,,,,122 (Exam Room / Office),
,,,,Room 108,
,,,,301 (Director),
,,,,303 (Meeting Room),
,,,,303 (Meeting Room)(SUIT Spare),
,,,,304 (Admin),
,,,,307 (Outreach),
,,,,308 (Clinic),
,,,,310 (Outreach Team),
,,,,310 (Outreach Team)(Floater),
,,,,311 (Clinical Coordinator),
,,,,311 WFH - Griffin Halme,
,,,,313 (NP Clinic),
,,,,314 (Manager),
,,,,Hallway (Roaming),
,,,,WFH - ???,
,,,,1st FL Office,
,,,,TOP STORY,
,,,,03 (Nicole),
,,,,04 (Diane),
,,,,05 (Amber),
,,,,06 (Hillary),
,,,,07 (Shylo Miller  - L6),
,,,,08 (Leah Soer),
,,,,09 (Lyndsey Shields),
,,,,11 (Samantha),
,,,,13 (.Lisa Horvath - Admin Lead),
,,,,13 (file cabinet),
,,,,19 (Devon),
,,,,Roaming (L15),
,,,,Room 16,
,,,,WFH - Devon,
,,,,16 (Fernanda Gutierrez - WFH sometimes),
,,,,16 (Hillary - WFH Sometimes),
,,,,19 (Desk A - Rhonda),
,,,,19 (Desk B - Jen C.),
,,,,20 (Bonnie Potter),
,,,,21 (Megan),
,,,,22 (Desk A - Sheryl),
,,,,22 (Desk B - ),
,,,,22 (Desk C - Brenda W),
,,,,23 (Aimee),
,,,,Clinic Room - Basement,
,,,,Near Reception,
,,,,Outreach Room,
,,,,Outreach Room - Rachelle,
,,,,Main,
,,,,Main Office,
,,,,101 (Medical Day Care),
,,,,102 (Ultrasound),
,,,,103 (Ultrasound),
,,,,105 (Consulting Services),
,,,,107 (Clinical Day Care),
,,,,110 (Child Youth & Family Services),
,,,,111 (LH Desk),
,,,,111 (RH Desk),
,,,,114A,
,,,,114B,
,,,,114B (SMARTDOP Machine),
,,,,115 (Child Youth & Family Services),
,,,,117 (Kellie Connelly),
,,,,118 (Admin Office),
,,,,119 (Home & Community Care),
,,,,120 (Desk 1),
,,,,120 (Desk 2),
,,,,120 (Desk 3),
,,,,120 (Desk 4),
,,,,120 (Desk 5),
,,,,121 (Desk 1),
,,,,121 (Desk 2),
,,,,121 (Desk 3),
,,,,121 (Desk 4),
,,,,121 (Desk 5),
,,,,122 (Home & Community Care),
,,,,123 (LH Back),
,,,,123 (LH Front),
,,,,123 (RH back),
,,,,124 (Home & Community Care),
,,,,125 (Home & Community Care),
,,,,129 (Waiting Room),
,,,,132 - Clerk Desk,
,,,,132 (Check in Records),
,,,,133 - Office,
,,,,133 - Xray room,
,,,,134B,
,,,,135 (Emergency Room - Urgent Care),
,,,,136 (Exam Room 1),
,,,,136a (Exam Room 2),
,,,,137 (Exam Room 3),
,,,,138 (Exam Room 4),
,,,,139 (Exam Room 5),
,,,,140 (Exam Room 6),
,,,,141 (Exam Room 7),
,,,,142 (Exam Room 8),
,,,,Faye Hjort Office (FPC Area),
,,,,FPC (Doctors Room),
,,,,FPC Provider Area,
,,,,FPC Provider Area (Dr. Samir),
,,,,FPC Provider Area (Fran),
,,,,FPC Provider Area (on the wall),
,,,,FPC Provider Area (Sarah NP),
,,,,Hallway,
,,,,G08 (Physiotherapy),
,,,,G14 (Laboratory),
,,,,G14 (Office),
,,,,G14 (Reception area),
,,,,G21,
,,,,G21 (Griffin Russell),
,,,,G25 - Teleconference Room,
,,,,G25A (WFH - Micheal Primrose),
,,,,G36 - WFH (RIchard Lewis),
,,,,G36 (FMO Back shop area),
,,,,2(CN),
,,,,3 (CN),
,,,,Carolyn's Office,
,,,,Clinic Room (RM 9),
,,,,Nurse Swing Room,
,,,,Reception (Back loan laptop),
,,,,Sandy's office,
,,,,Rad Workstation(CN),
,,,,Suite 250 Reception Desk,
,,,,Ultrasound Room,
,,,,X-Ray Area,
,,,,112 (Clinic Room),
,,,,112B (),
,,,,17 (Administration),
,,,,21A(),
,,,,21b,
,,,,221(),
,,,,221B (Home Care Nursing),
,,,,221B (Home Care Nursing)(CN),
,,,,221B(),
,,,,222 (Home Care Nursing),
,,,,222 (Home Care Nursing)(CN),
,,,,224 (Home Care Nursing),
,,,,225 (Home Care Nursing),
,,,,26 (CHS Rehab),
,,,,032 (Support Services),
,,,,101 (Admitting),
,,,,102 (Desk 1),
,,,,102 (Desk 2),
,,,,102 (Desk 3),
,,,,102 (Health Records),
,,,,103 - in Storage (Telehealth),
,,,,103 (Admin),
,,,,103 (Administrative Assistant),
,,,,104 (Outpatient Laboratory),
,,,,107 (Telehealth),
,,,,109 (Clinical Lead),
,,,,114 (Long Term Care - Nurse Station),
,,,,115 (Activities Aide),
,,,,130 (Laboratory),
,,,,133 (Medical Imaging),
,,,,134 (Medical Imaging),
,,,,13a,
,,,,145 (ER/ACU - Physio Gym),
,,,,152 (ER/ACU - Ante Room),
,,,,153 (ACU - Ante Room),
,,,,194 (Trauma),
,,,,195 (Trauma Room / OR),
,,,,ACU - Main Nurse Station,
,,,,Acute Care,
,,,,ER/ACU (Main Nurse Station),
,,,,ER/ACU (Patient Bed Area)(In Storage),
,,,,ER/ACU (Physicians Area),
,,,,Main Nurse Station,
,,,,Main Nurse Station (Security Camera PC),
,,,,Nursing Station (New Entrance),
,,,,Outside Nursing Station (New Entrance),
,,,,Room 107 (PSO/Security),
,,,,004 (Social Worker - Cesca Zamboni),
,,,,009 (Dietician),
,,,,028 (FMO Workshop Area),
,,,,029 (FMO Office M. Casey),
,,,,038 (Patricia Byron),
,,,,039 (Pharmacy Area),
,,,,045 (Pharmacy Office),
,,,,In box at Reception,
,,,,Reception (CN),
,,,,Room 2 (Clinic Room)(CN),
,,,,Room 3 (Clinic Room),
,,,,Room 4 (Public Health Nurse),
,,,,Storage Box,
,,,,202 - Reception (Section A),
,,,,Admin Office (Floor 1),
,,,,Admin Office (Floor 1)(Storage),
,,,,Admin Shelf (Floor 1),
,,,,Kitchen (Floor 1),
,,,,Office 3 (Section B),
,,,,Phyc Swing (Floor 1),
,,,,201 - (Admin Section A),
,,,,201 - (in storage),
,,,,204 - 0 (Group Room),
,,,,Office 1 (Section A),
,,,,Office 2 (Section A),
,,,,Office 5 (Section C),
,,,,Office 6 (Section C),
,,,,Office 7 (Section C),
,,,,204 - 4 (Section B),
